{"cameraMode":{"drawMode":0,"name":"Shaded","section":"Shading Mode"},"sceneLighting":true,"audioPlay":false,"sceneViewState":{"m_AlwaysRefresh":false,"showFog":true,"showSkybox":true,"showFlares":true,"showImageEffects":true,"showParticleSystems":true,"showVisualEffectGraphs":true,"m_FxEnabled":true},"in2DMode":false,"pivot":{"x":48.41218948364258,"y":47.4197998046875,"z":15.044648170471192},"rotation":{"x":0.11313968896865845,"y":-0.01639331504702568,"z":0.0018669426208361984,"w":0.9934422373771668},"size":38.29924774169922,"orthographic":true}